00imgmini.eastday.com,news,search
01fe170858867c9fa5572207723fe142,nip
01imgmini.eastday.com,news,search
02e72dcfc6bee98fd149d96ba6ffb289,system
02imgmini.eastday.com,news,search
0338fc3686b9455d78267a0c9a1c3866,tools
034f127fa9a4245f6c0a5fedefff3222,tools
03imgmini.eastday.com,news,search
048b23d72174a567fd5f43aab6e28063,tools
04986ff63e0c3a1f847c51aac6be51f4,system
04imgmini.eastday.com,news,search
051b1815645ff4f8ef3ea921a9db3248,system
05385be4b77893950f3919118b749af6,system
05imgmini.eastday.com,news,search
0619546aad5a0d8bd57a923d75ae3c76,system
06c4faa32271294568c5f04db966f19e,system
06ccac9bdef11413455905b74d43d74b,tools
06imgmini.eastday.com,news,search
07imgmini.eastday.com,news,search
08imgmini.eastday.com,news,search
09ae103d237050051ff67bcba5d36f9b,dev
0bb38f0e535e2e59eec3868a9527fa3b,tools
0be219c1ab3735374c293bf83d920b8f,system
0c37b63c31378c1358a8008fcb0ba6f7,system
0cb787f7adedff1a74c92c5e5eaafdb1,tools
0d3043b6e506bd528c096233aec1ff87,system
0d8eaf904bd3b89ca9d68e547eadd33e,tools
0ddc7aea0515530374f091bbe659bd5c,system
0df0764d42a1a79bf6f0acaaa7c894d8,system
0e25ede2bd31667b5ccdcf9aa704ead9,tools
0f463989767267fdf98b0b71a68072f3,system
0f643c8fe30f2600f686ab031fdbe561,system
0fc1fd83c81df7cac2d062379f498c3c,system
0fcc5632e1451231b7b2364277b06bdd,tools
102dd375abb3bae5ea10ef47433e9853,system
110.43.89.12,system
110.43.89.14,safe
120.52.183.150,safe
120.92.33.171,safe
1398db7b0cf28ad8bc44594c41445308,system
1399db3ad31128901d82926387bcc11f,tools
139a6719dd431861f67ebdbf2778cc36,tools
1441614ce7fbece8d0dea99577422fbf,dev
148bdffdec5218e70976718171ba1f95,system
16e0a38c5af0ee20de16098062684a00,system
16e37b1ffb37e49382725757b9440342,system
184767c95ff62ca16ce5709d19aa6cdd,dev
18af666c9dca6db0a2b5ce0759e89976,dev
18b16f14c7eae9f74016ad3bda44e40d,tools
192.168.0.103,private
1aa19d049f0073857e890b897409a51f,system
1aa8f1258ee1e115ed0e309863d00cc0,tools
1b19ca4635dadc481a8465eeb2997224,dev
1b43fa2451525f9d3b0a097a991629d5,system
1b7ad00d24d24c4b01d6cb2cc67dfff9,office
1da5cbf80fe6f954c8985dbd198a265d,tools
1df4479ae482f31e6c95d69b74644c69,system
1e1ecef087a7e0c14653b437ced7a467,tools
1e2b97c7924716158408591db7f9a8b4,nip
1fa71e31afd7624a51ea93385772508f,nip
1min.pcfg.cache.wpscdn.cn,office
200102424958e611f953552242db595e,system
21a12f247eef3c3aae55718763460f36430a3b01.www.galileo.jomodns.com,nip
21e6320c0cfcdad3c63933e05335473e,tools
224c031a6336c08e6c9de5a9e08da8c6,dev
2388b5b7c1b996e98aba1fbce535b473,office
26a6057f09c736503ad4ac606775da73,system
27d32d124cc6114bab058774ab0e21f1,system
27e32c66e7e461e2d2a2c546707e1f38,system
287a1ed4a58a031b949aeab1846e1745,system
28a1e38bc47139ade56297847e8919eb,system
292af206ae6199b54b485148ac1dcaab,tools
293395538cea384dfe28cb01bc7365b1,system
2b639bfd0ec9828ee5b60d230b61d157,tools
2c4e369a3ca58c72a1e722a8d61df269,tools
2c52bc2068c8094f7e238db2e06bd189,safe
2d083f921d3084df5a60acdd950f13ba,tools
2d0c82fd3ab0645c22a057c7af6866c9,system
2ed9f0202517918d73bcff5449af59f5,tools
2f9b5cbf665743d236aef1bd497d8139,system
2fb3204af9e790b41b411790b9088e5f,dev
2ff3a604519aad1046154414690643f1,tools
3127931f062e873496223d217fd59973,system
32b23fc857746b821996a3cb5803cc79,system
32c21129a9acefd8edbe9c8c996e9d5a,dev
32c3e3ebadb4b463589aba042a4fca9b,office
3497845040627e80d7ccc83a10a9e136,dev
357c17fa9d1949318c69f7eedd0c9a59.fp.measure.office.com,office
358185346bbde69557fafd934f873394,system
3581d7ad1edcdf54fd8d61741019b19d,office
37d2bfe3d4e7ed48260d664300af168a,tools
38585fdab0d5c66322e14164ad8c3db9,system
38c71d3174365395fa4cdb29edadb5c8,tools
393ba3d878910a3fa4b879240b7585c1,tools
39580519f04960eed8fbd4269c2a9005,system
3a551ebc9c904dfec62cbcb7f45d724b,office
3bfba140791a0f96d660ee3ca5d5df1c,system
3c51e5c0463c4abd3d561781b0359e8d,tools
3cdf2a1e5542e7e6920278b1c6144f15,system
3d3c0c49fb0e5e643cc2fe5641b74401,tools
3e001face1d2f4c59040a8b349b25a3b,nip
4054c0ac680848f57cba530341720ec6,system
4074a6a3a4b6b9239c80492539333c45,dev
40d5bb0cd32849100001b7818df7a85e,dev
40ea71f0a75c5744bbcba7eecc6d2713,system
413146df996fd03368456fc27ecac7c8,office
4187c5aee07975a6e89b77c22b9a17e9,system
426bf179f322abe218f3cae40efe8700,system
42b7e1a5d7b789b9683b77b5c340f77c,safe
43e73233abf3f345b10ad222d18ad1cb,system
43f0bc6812ada4c124675d004f86d36f,system
442ebf5102c03949e0cbc947215001ec,system
4492c12ea6a35b6b15008cc8b14fd259,office
457d3835b266b97d898f7ab148cedeaa,system
471fb6eff18b8ea5e8c0deb1230d13d5,system
4895ee946aeb479fa2245752590c8434,nip
49a8064384ebac6e1126d556128a4d7a,nip
4ae31755785ffb3a8fecb68ff25601a1,system
4be2fd0d8ae7744158a6a217e1ba26ff,tools
4c6e1732e3485d1a159282f360df44b1,tools
4d519341158a5e8e8a8bf3a858506b48,search
4f11279cf12ddf1d39f2628f6928e47e,office
4f32465487bebb413f6807098294c6ab,system
509e9b82fa8abc90334e9fe2545c8bc4,nip
50a4478a0edf2515ef0f9c6b9957f42d,system
51d0e77c3c14c3fe2899b8f72b7e6f45,system
522e44f0428c5dab891b34dc9fdd1434,nip
532dcb1f7e580ea0cad23241ddc0b62e,dev
549977cd1fba435aa3f3899ef37c395c,tools
56ebb75e983386a0150a20cc1a1e3c62,safe
5756d6f49edd47bb61fff57af7a7c760,nip
58564109b6d18ffc6a0981959c074bac,tools
59cd0dc3aa1086c430473c9ebd7d3617,tools
5af5d98d7a2ab38fa3b70ed4946cff03,dev
5b9df806c03e4ebad46b42959bf01b72,tools
5c1a831a59c28e59c2854f0ca5865266,system
5cb11474643e966bc2002e5be99d1ced,system
5ce2f679ac2012b492e49e5a46d25342,dev
5ec9dc826389cfec4531a23a6cddd217,system
5f5cbf02daa4dc3cecc1c66d85a8758d,system
60073fc11a7b7ca2f5508cc2be6c7138,system
60cde0573ebd0a8fcb7b894ad57d57e0,tools
61c89e6ba3c649a0e043503709e7bc83,system
61ce5a7d89d99f4ea2905ecc8d313f7b,office
623d62a5d31e97e140443982a6862cb0,tools
625086409cc85a6138059125d85fb297,system
63eb58f784e5751ebcea8eeff2094d15,system
64210b9cc0e6dcf753aa804056e4ae19,tools
64870068c96fb041b984f32984e7943a,system
653023e1e920c93179402b8432d769eb,system
6738b93ced9a644f0a58b85bcf8ace23,tools
68675b6c76148a27bdd99c4730221759,system
68a76bf43e308d6683dd6a0393364d25,dev
6ddcc5bc78c878a0873087ae6d5d8ccc,system
6e3d2e7e15ab43c9620d1a6a7df0eeb1,system
73aee148fc5daed0468cac50d7790b52,tools
74220fe4702d398b1166dd65ca6f7f54,system
7480bb90054f4dedc1d7556ea504fb21,office
74e829eafa64f401952e5070cc6d5643,system
7517b6f874cc36c52028c6f0e52156aa,tools
757f001d4c1d90a3527c70d4dc624c9b,office
75ac2df48346398d278e4e9c5bdc0494,tools
76c79420c6d1b90478d2043dbb3dc70d,system
76e5bb12087931a010e83173502afe1d,nip
7741902d98c2b74500271b93a051b3db,system
77991b7ebb5f8c430ab14e34ea802013,nip
784df36fbc2340b6a2ff9459fa0c2187.fp.measure.office.com,office
7866696040a7072009c7514d4e627f24,tools
7e142cd8b382b0721656f5da42f9b0eb,safe
7f2c77658212be0ef01c93b0b4972772,dev
7ffc8cc30bf8ed9f9a754d4ddaf772c7,safe,tools
8000cbd4dd3843a134a216d9fe93e79d,office
8032d635828b97f08571b80d02b553d4,system
81076af42b3e0441ab68262e283971a1,tools
8113c48a7aca55151a2659da8e117986,system
811792e304b519a29007724ab0854bca,system,dev
814896da568f39c5998d4d3f93b8eadf,system
815906bf5624ca58af5cd8284eef6cc4,system
81a70770810203e9de3a46ae346ba3d8,system
81d76d3bdfb523b201de265409c7c06f,system
839df6d42c55be0989ff3af069ca58b7,system
83a99417b75adad1505a5edae818f12c,system
8477671c518ac80c9449c071eec831aa,system
864d50f65ec246029d4f183ceb454092.fp.measure.office.com,office
87f8b66de9d43d5a361eb487268c7977,tools
889fe72f04dc639c4a34efc2194d277f,system
8be64cd2cd503090b3087367caec3669,system
8e8650643e4297447b777e743531747f,system
8f89a360f78c2c54c8a3e2fe32ad8f0f,tools
90b6a9d84609df958c1bdb37d6e814d4,office
90e46d47bf0aaf468c9c97a128cb1025,dev
9125ac10caff92291881a9c286a8c24c,system
922207202fd648a3863ff4a16052fa45,dev
934b82a7e637d807b332a0bef123cd61,system
945dd10dc3a356d7b483002a3261ecce,system
98aa4e43002a74b6413247500b55f796,system
9ad4606412faa922802c1e4061e32234,system
9bb50cc6c53f711be9d9983b017bfddd,tools
9c153709ccd2eb37308b478cddeda748,system
9c45a79715165467f9997f8d9c2faf0b,system
9c69dd38192770b4d762b8fce69ffe34,system
9cc0a58646a9a923ca41ae9fd8606560,system
9db5ed5dde79506da5c4fb6f59103108,tools
9eee52d18ca3042c265b730aefc13db3,office
9f04677723889953b721f902e1ac3f8b,tools
a1.alicdn.com,nip
a1.cnblogs.com,nip
a12b3964e0ccf7f08813bfb1120d02bb,tools
a1305c72fd033bf47a646971b9263fd3,tools
a345d338f4cef35573da24ba6993c080,tools
a40f356cfff0f0b73054b48c14b696c9,system
a42b836751b083b55a2038983e70b4e9,nip
a4aacf24eea6f8dea626d1bc3dde0c8f,system
a54fabb358dff8ec9219690fd90609e8,tools
a694f21efacd8c8c759afcef3f7068a3,system
a961775f2e91fcdec0e5155d18e2f994,safe
aadcdn.msauth.net,nip
aadcdn.msftauth.net,nip
acdc-direct.office.com,office
act.cmcmcdn.com,safe
activity.windows.com,system
ad.doubleclick.net,advert
ae3aef0427baf1028f7e4dde2db57033,tools
aedfe4559a6184428056aa23e61b6ee4,tools
aefd4b2ee920f2752c04e0b2e451b0bd,system
af826a1939fa5291a2b1736cd574e27f,system
ajax.aspnetcdn.com,nip
aka.ms,unknown
answers.microsoft.com,system,dev
api.ffnews.cn,news
api.flash.cn,tools
api.github.com,dev
api.ip138.com,nip
apimini.ffnews.cn,news
api-tbrecommend.zhhainiao.com,advert
arc.msn.com,tools
a-ring.msedge.net,system
asearch.alicdn.com,nip
assets.alicdn.com,unknown
at.alicdn.com,unknown
atanx.alicdn.com,nip
atm-fp-direct.office.com,office
avatar.csdnimg.cn,dev
avatars0.githubusercontent.com,dev
avatars1.githubusercontent.com,dev
avatars3.githubusercontent.com,dev
az667904.vo.msecnd.net,dev
az700632.vo.msecnd.net,dev
az725175.vo.msecnd.net,nip
b0229a048fe591f1a474f0f9e23a8fcf,tools
b03c8d103a9d2cfed22170d8041fee65,system
b228505e57512c6eb630458d747fbcbf,system
b24793709d1a7ca021ba0bb02c33d0e7,tools
b378f79dc85dd9ca855c41b85596644a,system
b392ed19f0c81f6b563a30e024193234,system
b3e2e42c6821051b1ac5bfaeffcdcd0c,tools
b4688409fc16d26c423e470ef77fbdea,system
b4cca17f4b35aa04d90d77287c4307ba,safe
b5e0feda100c676676bcc003696ca53b,office
b61ae86516db51754a23424cd1c36ee7,nip
b7c42c42424379edb6ccfc1fd555565d,system
b81d11d4328c133b881cf4aa32cd74f3,tools
b83131a5be492f7ba6ae32d74a1d98a5,tools
b912792e7d4f42b6c0641d6964e90dde,system
b96c7b95dfca632a9a2c304f91a08d46,system
b998b6814a3147199b4876137cf46f68,system
baike.baidu.com,search
bat.bing.com,search
bbs.csdn.net,dev
bc3b5144175dd82809ba25ef2cc1b419,system
bcd1ed8abdddb5737d50c0cfe71d9a93,tools
bd7bb66907db4e9bf3aa6198d31bd43c,system
be65dc7a40d853efbb1416acae022561,system
beacon.sina.com.cn,general
beacon.tingyun.com,nip
blog.csdn.net,dev
blog.sina.com.cn,general
blogtj.sinajs.cn,nip
blufiles.storage.live.com,system
by3301.settings.live.net,system
by3301.storage.live.com,system
c.bing.com,search
c.evidon.com,stat
c.s-microsoft.com,system
c0c7c272d2ac41614f48f30b5d6b5273,tools
c0cce812a256725293bee36b219decc8,system
c1.microsoft.com,system
c13c37b18cc98cd933f5ad7c79f4028f,system
c2169c2c1371e263e5860732fb40c524,system
c34246679a45f2d131ed9ed3c4cf30c8,tools
c39e0038141f2035e0c52c9e48f09d7e,system
c5d7c734c02a5f6fc891c91e4991a744,tools
c7791daf5b32318d62a35f6684968824,system
c77cd4b000cae82eee277456bf05fc3e,tools
c7c9308a28a001e52b101cbb624d77f3,system
c80794d19e893132ba55d5a344d2af2b,dev
c83fe8c8f8529da58e912b563273c490,tools
c842aba545f9f2d08a0bae7f8ee7e96a,system
c8dc6ff5a68c1c6895847acfc68f78d1,dev
c945900bdc502034947f9f9b64467420,system
cabe7f28e8d207cb90377fa100847f65,system
cache.ip138.com,nip
cambrian-images.cdn.bcebos.com,unknown
cbeb355e443e95f8ac7a5464e0234bba,system
cc024a608c48ffe2c050f3783317730d,dev
cc7388c78ea72d078a25945718aa68d4,system
cd9ddb21deaaa68faeed48c23d446a5c,dev
cdn.doubleverify.com,stat
cdn.speedcurve.com,nip
cdn.sstatic.net,nip
cdn3.doubleverify.com,stat
cdnjs.cloudflare.com,nip
checkappexec.microsoft.com,system
clc.stackoverflow.com,dev
client.sina.com.cn,general
client.wns.windows.com,system
clientservices.googleapis.com,unknown
cms.gtags.net,nip
cn.bing.com,search
comet.blog.sina.com.cn,general
comment5.news.sina.com.cn,general
common.cnblogs.com,nip
config.edge.skype.com,system
config.i.duba.net,safe
connect.facebook.net,general
cos.ffnews.cn,news
count.cnblogs.com,nip
count.taobao.com,shopping
cpro.baidustatic.com,stat
crl.certum.pl,safe
crl.globalsign.net,system
cs.dds.microsoft.com,system
csdnimg.cn,nip
ct.duba.net,safe
ctldl.windowsupdate.com,system
cu005.www.duba.net,safe
cu010.www.duba.net,safe
cv.duba.net,safe
d.agkn.com,nip
d.docs.live.net,system
d0113114375d7e55950ebac16b2e57a2,tools
d077597097caa3c8c88205d6f4f76b8d,tools
d0decc956366970c2d6df108c0bf5223,system
d1.sina.com.cn,general
d13dc5212616c0d4c1335da1ca59ba92,system
d2.sina.com.cn,general
d3a1af34d213742fc5bfbc907b39f9a6,office
d4.sina.com.cn,general
d40c05cf3a974fd20c9c7aecdc90d7d8,system,dev
d41d8cd98f00b204e9800998ecf8427e,nip
d5.sina.com.cn,general
d9.sina.com.cn,advert
d967be27ec2bf0916f7956c763d807f2,tools
da077cc2a61aaa4215891639e1796409,system
da96f05d8c5e57f925e1252cca364a8b,nip
data-vef.xboxlive.com,system
dcldshlupt.alicdn.com,advert
ddcf5062cb17bc1adfdf67892957a84b,system
ded78fbbfb5d5ee478e32792a1454c8f,system
df.cache.wpscdn.cn,office
df5d71c82e85075c851f19d200a7c851,dev
dfb6565f175244f04184ea01e2da610a,tools
dh1.cmcmcdn.com,safe
dl.pop.www.duba.net,safe
dlswbr.baidu.com,search
docs.live.net,system
docs.microsoft.com,system
download.visualstudio.microsoft.com,dev
drive.weixin.qq.com,tools
dss0.baidu.com,search
dss0.bdstatic.com,search
dss1.baidu.com,search
dss1.bdstatic.com,stat
dss2.baidu.com,search
dss2.bdstatic.com,search
duba-defend.zhhainiao.com,advert
dup.baidustatic.com,stat
dw-online.ksosoft.com,nip
dynsrv.wps.cn,office
e0394049860d9c1b7396bcf918626d24,system
e3b2d2a1f9d7befb709db76a93e89b99,tools
e536a926069e5cb9f0f117f7632dfabf,tools
e630e80d7ce8cb25fa72839b1e18330a,tools
e6aa655d158e3ba23b990cd112b20e82,system
e90168c8d92970b4bba9f77ed3175ec8,system
ea2e2cf07773d98db45c9e3f064c460c,tools
ea6f7da349b2c73717fa0636031bb483,system
eclick.baidu.com,search
ef2e098fc3ea74c9b89e4baac962870a,tools
ef4cc9f794afc3207cb3108c20c3246c,system
emarketing.sina.com.cn,general
ent.sina.com.cn,general
entry.baidu.com,search
err.taobao.com,unknown
event.csdn.net,dev
eyeprotect-wallpaper-theme.duba.com,safe
eyesguard-cdn.cmcm.com,advert
f0f54afe50e2d145adc66ee642c6ed9f,dev
f11.baidu.com,search
f12.baidu.com,search
f1916cd53a2b702ffba6071d4a4e46e9,office
f1a3248785852aa427fa087ec0cff186,dev
f20030c59bf40a99f7f6259135260762,dev
f24ef64ac8e2fbb6914c2e6e23317070,office
f3.duba.com,safe
f62d7299ed1945001d3fceadce5b36b6,tools
f67577ad9d12b4511ca8197fa90d4e20,system
f868de14a7a64fd77637bc40dbf56085,tools
fa171e979a7779eb5ef8404f55634570,system
fbeaf8c687e2bb5cf90fd27b7b19d516,tools
fc6tn.baidu.com,search
fcfdae5a7f3ad1756ee7c552d567eb88,system
fd49dbf315c62bfbf24489d6c88a83e8,tools
fde2300e62ce7a55720a3645080c0417,system
fe2cr.update.microsoft.com,system
fe3cr.delivery.mp.microsoft.com,system
fex.bdstatic.com,stat
ff31afb518b16c4c2b27dccb5231152a,tools
files-cdn.cnblogs.com,nip
filestore.community.support.microsoft.com,system
fonts.adobe.com,nip
fonts.gstatic.com,nip
fourier.taobao.com,unknown
fp.msedge.net,system
fp-as.azureedge.net,system
fsigns.duba.net,safe
g.alicdn.com,unknown
g.csdnimg.cn,nip
gh.bdstatic.com,search
github.com,dev
gm.mmstat.com,stat
gma.alicdn.com,nip
gn.symcb.com,unknown
go.microsoft.com,system
gprp.4399.com,game
gsp0.baidu.com,search
gss0.baidu.com,search
gss0.bdstatic.com,stat
gt1.baidu.com,search
gt2.baidu.com,search
gtms04.alicdn.com,unknown
helpdesktop1.ksmobile.com,safe
helpdubaclient.ksmobile.com,safe
helpdubaservice.ksmobile.com,safe
hm.baidu.com,news
hotjia.com,system,nip
hotnews.duba.com,safe
hpd.baidu.com,search
hqs10.cnzz.com,nip
hs.blog.sina.com.cn,general
i.sso.sina.com.cn,general
i.stack.imgur.com,nip
i1.social.s-msft.com,system
i2.sinaimg.cn,nip
i2-msdn.sec.s-msft.com,dev
i4.services.social.microsoft.com,system
ic.wps.cn,office
id.rlcdn.com,nip
identify.zhhainiao.com,advert
iknowpc.bdimg.com,nip
image.wan.liebao.cn,nip
image6.pubmatic.com,nip
img.alicdn.com,nip
img2018.cnblogs.com,nip
imga1.5054399.com,game
imga3.5054399.com,game
imga4.5054399.com,game
imga5.5054399.com,game
img-blog.csdn.net,dev
in.hotjar.com,nip
info.wps.cn,office
jspassport.ssl.qhimg.com,nip
jx.cdn.qhstatic.com,stat
kns.duba.net,safe
k-static.6789.com,general
kstj.baidu.com,search
kunyu.csdn.net,dev
list.wallpaper.cloud.duba.net,safe
log.mix.sina.com.cn,general
log.mmstat.com,unknown
login.live.com,system
login.microsoftonline.com,system
lux.speedcurve.com,nip
m.simba.taobao.com,nip
market.m.taobao.com,unknown
mathjax.cnblogs.com,nip
max-l.mediav.com,advert
mdec.nelreports.net,nip
miao.baidu.com,search
miaowu.baidu.com,search
mini.ffnews.cn,news
mini.flash.2144.com,news
minipc.eastday.com,news,search
minisite.zhhainiao.com,advert
mountain.zhidao.baidu.com,search
mrodevicemgr.officeapps.live.com,office
msdn.microsoft.com,dev
msg.csdn.net,dev
n.sinaimg.cn,nip
news.m.liebao.cn,news
news.qhstatic.com,stat
news.sina.com.cn,general
newsminisite.duba.com,safe
nexusrules.officeapps.live.com,system
ocsp.digicert.com,nip
oneid.mmstat.com,stat
outlook.office365.com,office
p.tanx.com,nip
p1.qhimg.com,system,nip
p1.sinaimg.cn,nip
pc.mobad.ijinshan.com,safe
pc001.download.wh.cmcm.com,advert
pc001.update.cmpc.cmcm.com,advert
pcfg.wps.cn,office
pcs-sdk-server.alibaba.com,advert
phs.tanx.com,nip
pic.cnblogs.com,nip
pic.rmb.bdstatic.com,stat
pics0.baidu.com,search
pics1.baidu.com,search
pics2.baidu.com,search
pics3.baidu.com,search
pics4.baidu.com,search
pics5.baidu.com,search
pics6.baidu.com,search
pinyin.voicecloud.cn,tools
pixel.quantserve.com,advert
pos.baidu.com,search
post.ksosoft.com,safe
prod.intellicode.vsengsaas.visualstudio.com,dev
profile.csdnimg.cn,dev
pub.idqqimg.com,nip
px.ads.linkedin.com,advert
r.dmp.sina.com.cn,general
r4.res.office365.com,office
rcmd.pop.ijinshan.com,safe
recomm.cnblogs.com,nip
recsidebar.csdn.net,dev
redirectiontool.trafficmanager.net,nip
redirectionuxcdn.azureedge.net,nip
report.url.cn,unknown
repository.certum.pl,safe
rq.cct.cloud.duba.net,safe
rq.optimize.cloud.duba.net,safe
rq.upgrade.cloud.duba.net,safe
rq.upgrade.cmpc.cmcm.com,safe
rq.wh.cmcm.com,advert
rtb0.doubleverify.com,stat
rules.quantcount.com,nip
s.360.cn,search
s3.nzbdw.com,nip
s3.pfp.sina.net,general
s3m.nzwgs.com,nip
s3m3.nzwgs.com,nip
s7.addthis.com,advert
sax.sina.com.cn,general
saxn.sina.com.cn,general
sb.scorecardresearch.com,nip
script.hotjar.com,nip
secure.quantserve.com,nip
self.events.data.microsoft.com,system
settings.xboxlive.com,system
settings-win.data.microsoft.com,system
show.g.mediav.com,advert
show.re.taobao.com,unknown
show-f.mediav.com,nip
show-g.mediav.com,advert
shuc-pc.ksord.com,office
simg.sinajs.cn,nip
site.ip138.com,nip
site.liantu.cn,nip
sjs.sinajs.cn,nip
slscr.update.microsoft.com,system
social.msdn.microsoft.com,dev
sp0.baidu.com,search
sp1.baidu.com,search
sp2.baidu.com,search
ss0.baidu.com,search
ss1.baidu.com,search
ss1.bdstatic.com,stat
ss2.baidu.com,search
ss3.baidu.com,search
ssxd.mediav.com,advert
stackoverflow.com,dev
static.adobelogin.com,nip
static.cnblogs.com,nip
static.docs.com,nip
static.hotjar.com,nip
static.mediav.com,nip
statistic.csdn.net,stat
storecatalogrevocation.storequality.microsoft.com,system
suggestion.baidu.com,search
switch.pcfg.cache.wpscdn.cn,office
t.zhhainiao.com,advert
t10.baidu.com,search
t11.baidu.com,search
t12.baidu.com,search
targetednotifications-tm.trafficmanager.net,dev
tce.alicdn.com,nip
textlink.simba.taobao.com,nip
timg01.bdimg.com,nip
tj.psvr.wps.cn,office
tns.simba.taobao.com,nip
tongji.flash.cn,tools
tps.doubleverify.com,stat
union.infoc.duba.net,safe
update.wps.cn,office
upload.fp.measure.office.com,office
url-query.api.pc120.com,nip
use.typekit.net,nip
us-u.openx.net,advert
uumessage.zhhainiao.com,advert
v10.events.data.microsoft.com,system
v2.cs3.duba.net,safe
vars.hotjar.com,nip
vipzone.c.duba.net,safe
visualstudio-devdiv-c2s.msedge.net,system
vortex.data.microsoft.com,system
w.usabilla.com,unknown
waconafd.officeapps.live.com,system
waconatm.officeapps.live.com,system
wallpaperm.cmcm.com,safe
watson.telemetry.microsoft.com,system
wdl1.cache.wps.cn,office
weather2db.cmcm.com,advert
web.vortex.data.microsoft.com,system
windows.policies.live.net,system
wn.pos.baidu.com,search
ws.mmstat.com,stat
www.4399.com,game
www.baidu.com,search
www.cnblogs.com,general
www.codeproject.com,dev
www.duba.com,safe
www.gravatar.com,nip
www.linkedin.com,social
www.microsoft.com,system,dev
www.openx.com,advert
www.oracle.com,dev
www.sina.com.cn,general
www.sinaimg.cn,nip
www.sogou.com,system,general
www.taobao.com,shopping
www.winwin7.com,nip
wwwimages2.adobe.com,nip
xinwen.duba.com,safe
ynuf.alipay.com,unknown
zhidao.baidu.com,search
zz.bdstatic.com,stat
